{"entities":{"pages":{"SHDC":{"id":"SHDC","title":"SHDC","url":"shdc.html","level":0,"pages":["aaac9588_1300","aaac9588_1309"],"tabIndex":0},"aaac9588_1300":{"id":"aaac9588_1300","title":"제품","level":1,"parentId":"SHDC","pages":["VIZCLASH-NET","VIZCore3D","VIZCore3D-NET","VIZZARD","VIZWide3D","VIZWed3D","VIZWing","VIZPub"],"tabIndex":0},"VIZCLASH-NET":{"id":"VIZCLASH-NET","title":"VIZCLASH.NET","url":"https://www.softhills.net/SHDC/VIZCLASH.NET","level":2,"parentId":"aaac9588_1300","tabIndex":0},"VIZCore3D":{"id":"VIZCore3D","title":"VIZCore3D","url":"https://www.softhills.net/SHDC/VIZCore3D","level":2,"parentId":"aaac9588_1300","tabIndex":1},"VIZCore3D-NET":{"id":"VIZCore3D-NET","title":"VIZCore3D.NET","url":"https://www.softhills.net/SHDC/VIZCore3D.NET/","level":2,"parentId":"aaac9588_1300","tabIndex":2},"VIZZARD":{"id":"VIZZARD","title":"VIZZARD","url":"https://www.softhills.net/SHDC/VIZZARD/","level":2,"parentId":"aaac9588_1300","tabIndex":3},"VIZWide3D":{"id":"VIZWide3D","title":"VIZWide3D","url":"https://www.softhills.net/SHDC/VIZWide3D/","level":2,"parentId":"aaac9588_1300","tabIndex":4},"VIZWed3D":{"id":"VIZWed3D","title":"VIZWed3D","url":"https://www.softhills.net/SHDC/VIZWeb3D/","level":2,"parentId":"aaac9588_1300","tabIndex":5},"VIZWing":{"id":"VIZWing","title":"VIZWing","url":"https://www.softhills.net/SHDC/VIZWing/","level":2,"parentId":"aaac9588_1300","tabIndex":6},"VIZPub":{"id":"VIZPub","title":"VIZPub","url":"https://www.softhills.net/SHDC/VIZPub","level":2,"parentId":"aaac9588_1300","tabIndex":7},"aaac9588_1309":{"id":"aaac9588_1309","title":"라이브러리","level":1,"parentId":"SHDC","pages":["ShdCore-NET","VIZXML"],"tabIndex":1},"ShdCore-NET":{"id":"ShdCore-NET","title":"ShdCore.NET","url":"https://www.softhills.net/SHDC/ShdCore.NET/","level":2,"parentId":"aaac9588_1309","tabIndex":0},"VIZXML":{"id":"VIZXML","title":"VIZXML","url":"https://www.softhills.net/SHDC/VIZXML/","level":2,"parentId":"aaac9588_1309","tabIndex":1}}},"topLevelIds":["SHDC"]}