{"title":"Softhills Documentation Center","subtitle":"(주)소프트힐스 제품의 소개 및 활용에 필요한 설명과 개발에 필요한 API, 방법, 예제를 제공하는 사이트 입니다.","tips":[{"title":"Homepage","description":"(주)소프트힐스 홈페이지","url":"https://softhills.net/","type":"library"},{"title":"GitHub","description":"깃허브","url":"https://github.com/softhills3d","type":"search"}],"main":{"title":"제품","data":[{"title":"VIZCLASH.NET","description":"대용량 3D 모델 고속 간섭검사 엔진","url":"https://www.softhills.net/SHDC/VIZCLASH.NET/"},{"title":"VIZCore3D","description":"대용량 3D 데이터 시각화 엔진 (ActiveX 컴포넌트)","url":"https://www.softhills.net/SHDC/VIZCore3D/"},{"title":"VIZCore3D.NET","description":"대용량 3D 데이터 시각화 엔진 (Microsoft .NET 컨트롤)","url":"https://www.softhills.net/SHDC/VIZCore3D.NET/"},{"title":"VIZZARD","description":"대용량 3D 모델 시각화 및 리뷰","url":"https://www.softhills.net/SHDC/VIZZARD/"},{"title":"VIZWide3D","description":"초대형 3D 모델을 Chorme, Edge 등의 웹브라우저에서 가시화 모듈","url":"https://www.softhills.net/SHDC/VIZWide3D/"},{"title":"VIZWeb3D","description":"Chorme, Edge 등의 웹브라우저에서 3D 모델 시각화","url":"https://www.softhills.net/SHDC/VIZWeb3D/"},{"title":"VIZWing","description":"Android, iOS 모바일 3D 모델 시각화 컴포넌트 및 앱","url":"https://www.softhills.net/SHDC/VIZWing/"},{"title":"VIZPub","description":"3D CAD 데이터를 경량 3D 데이터 형식(*.viz)으로 변환 및 메타데이터 추출, 병합 등","url":"https://www.softhills.net/SHDC/VIZPub"}]},"highlighted":{"title":"라이브러리","data":[{"title":"ShdCore.NET","description":"경량 3D 파일(*.viz)의 스트럭처, 속성, 미리보기 형상 등 조회용 라이브러리","url":"https://www.softhills.net/SHDC/ShdCore.NET/"},{"title":"VIZXML","description":"XML 기반 VIZ 파일 구성 관리 클래스","url":"https://www.softhills.net/SHDC/VIZXML/"}]},"prevNextLinks":{}}