{"entities":{"pages":{"VIZWide3D-API-DOCUMENT":{"id":"VIZWide3D-API-DOCUMENT","title":"VIZWide3D","url":"vizwide3d-api-document.html","level":0,"pages":["Animation","ContextMenu","Disassembly","Frame","GeometryUtility","Model","ModelTree","Object3D","Panel","Player","Review","Section","ShapeDrawing","Toolbar","View","VIZWeb"],"tabIndex":0},"Animation":{"id":"Animation","title":"Animation","url":"animation.html","level":1,"parentId":"VIZWide3D-API-DOCUMENT","tabIndex":0},"ContextMenu":{"id":"ContextMenu","title":"ContextMenu","url":"contextmenu.html","level":1,"parentId":"VIZWide3D-API-DOCUMENT","tabIndex":1},"Disassembly":{"id":"Disassembly","title":"Disassembly","url":"disassembly.html","level":1,"parentId":"VIZWide3D-API-DOCUMENT","tabIndex":2},"Frame":{"id":"Frame","title":"Frame","url":"frame.html","level":1,"parentId":"VIZWide3D-API-DOCUMENT","tabIndex":3},"GeometryUtility":{"id":"GeometryUtility","title":"GeometryUtility","url":"geometryutility.html","level":1,"parentId":"VIZWide3D-API-DOCUMENT","tabIndex":4},"Model":{"id":"Model","title":"Model","url":"model.html","level":1,"parentId":"VIZWide3D-API-DOCUMENT","tabIndex":5},"ModelTree":{"id":"ModelTree","title":"ModelTree","url":"modeltree.html","level":1,"parentId":"VIZWide3D-API-DOCUMENT","tabIndex":6},"Object3D":{"id":"Object3D","title":"Object3D","url":"object3d.html","level":1,"parentId":"VIZWide3D-API-DOCUMENT","pages":["Color","CustomEdge","Find","GeometryProperty","Transform","UDA"],"tabIndex":7},"Color":{"id":"Color","title":"Color","url":"color.html","level":2,"parentId":"Object3D","tabIndex":0},"CustomEdge":{"id":"CustomEdge","title":"CustomEdge","url":"customedge.html","level":2,"parentId":"Object3D","tabIndex":1},"Find":{"id":"Find","title":"Find","url":"find.html","level":2,"parentId":"Object3D","tabIndex":2},"GeometryProperty":{"id":"GeometryProperty","title":"GeometryProperty","url":"geometryproperty.html","level":2,"parentId":"Object3D","tabIndex":3},"Transform":{"id":"Transform","title":"Transform","url":"transform.html","level":2,"parentId":"Object3D","tabIndex":4},"UDA":{"id":"UDA","title":"UDA","url":"uda.html","level":2,"parentId":"Object3D","tabIndex":5},"Panel":{"id":"Panel","title":"Panel","url":"panel.html","level":1,"parentId":"VIZWide3D-API-DOCUMENT","tabIndex":8},"Player":{"id":"Player","title":"Player","url":"player.html","level":1,"parentId":"VIZWide3D-API-DOCUMENT","tabIndex":9},"Review":{"id":"Review","title":"Review","url":"review.html","level":1,"parentId":"VIZWide3D-API-DOCUMENT","pages":["Measure","Note"],"tabIndex":10},"Measure":{"id":"Measure","title":"Measure","url":"measure.html","level":2,"parentId":"Review","tabIndex":0},"Note":{"id":"Note","title":"Note","url":"note.html","level":2,"parentId":"Review","tabIndex":1},"Section":{"id":"Section","title":"Section","url":"section.html","level":1,"parentId":"VIZWide3D-API-DOCUMENT","tabIndex":11},"ShapeDrawing":{"id":"ShapeDrawing","title":"ShapeDrawing","url":"shapedrawing.html","level":1,"parentId":"VIZWide3D-API-DOCUMENT","tabIndex":12},"Toolbar":{"id":"Toolbar","title":"Toolbar","url":"toolbar.html","level":1,"parentId":"VIZWide3D-API-DOCUMENT","tabIndex":13},"View":{"id":"View","title":"View","url":"view.html","level":1,"parentId":"VIZWide3D-API-DOCUMENT","pages":["Control","ViewCube","Walkthrough","Weather","Xray"],"tabIndex":14},"Control":{"id":"Control","title":"Control","url":"control.html","level":2,"parentId":"View","tabIndex":0},"ViewCube":{"id":"ViewCube","title":"ViewCube","url":"viewcube.html","level":2,"parentId":"View","tabIndex":1},"Walkthrough":{"id":"Walkthrough","title":"Walkthrough","url":"walkthrough.html","level":2,"parentId":"View","tabIndex":2},"Weather":{"id":"Weather","title":"Weather","url":"weather.html","level":2,"parentId":"View","tabIndex":3},"Xray":{"id":"Xray","title":"Xray","url":"xray.html","level":2,"parentId":"View","tabIndex":4},"VIZWeb":{"id":"VIZWeb","title":"VIZWeb","url":"vizweb.html","level":1,"parentId":"VIZWide3D-API-DOCUMENT","tabIndex":15}}},"topLevelIds":["VIZWide3D-API-DOCUMENT"]}