{"entities":{"pages":{"VIZPub-Start":{"id":"VIZPub-Start","title":"VIZPub","url":"vizpub-start.html","level":0,"tabIndex":0},"e395f623_530":{"id":"e395f623_530","title":"VIZPub 제품","level":0,"pages":["VIZPub_product_BOM","VIZPub_product_MCAD","VIZPub_product_MCADIop","VIZPub_product_Tran","VIZPub_product_BIM","VIZPub_product_Manager","VIZPub_product_NET"],"tabIndex":1},"VIZPub_product_BOM":{"id":"VIZPub_product_BOM","title":"VIZPub BOM","url":"vizpub-product-bom.html","level":1,"parentId":"e395f623_530","tabIndex":0},"VIZPub_product_MCAD":{"id":"VIZPub_product_MCAD","title":"VIZPub Mechanical","url":"vizpub-product-mcad.html","level":1,"parentId":"e395f623_530","tabIndex":1},"VIZPub_product_MCADIop":{"id":"VIZPub_product_MCADIop","title":"VIZPub Mechanical IOP","url":"vizpub-product-mcadiop.html","level":1,"parentId":"e395f623_530","tabIndex":2},"VIZPub_product_Tran":{"id":"VIZPub_product_Tran","title":"VIZTran","url":"vizpub-product-tran.html","level":1,"parentId":"e395f623_530","tabIndex":3},"VIZPub_product_BIM":{"id":"VIZPub_product_BIM","title":"VIZPub BIM","url":"vizpub-product-bim.html","level":1,"parentId":"e395f623_530","tabIndex":4},"VIZPub_product_Manager":{"id":"VIZPub_product_Manager","title":"VIZPub Manager","url":"vizpub-product-manager.html","level":1,"parentId":"e395f623_530","tabIndex":5},"VIZPub_product_NET":{"id":"VIZPub_product_NET","title":"VIZPub.NET","url":"vizpub-product-net.html","level":1,"parentId":"e395f623_530","pages":["VIZPub_NET_Class","VIZPub_NET_Method","VIZPub_NET_Enum"],"tabIndex":6},"VIZPub_NET_Class":{"id":"VIZPub_NET_Class","title":"Classes and Delegates","url":"vizpub-net-class.html","level":2,"parentId":"VIZPub_product_NET","tabIndex":0},"VIZPub_NET_Method":{"id":"VIZPub_NET_Method","title":"Methods","url":"vizpub-net-method.html","level":2,"parentId":"VIZPub_product_NET","tabIndex":1},"VIZPub_NET_Enum":{"id":"VIZPub_NET_Enum","title":"Enumeration","url":"vizpub-net-enum.html","level":2,"parentId":"VIZPub_product_NET","tabIndex":2},"VIZPub_Function":{"id":"VIZPub_Function","title":"기능","url":"vizpub-function.html","level":0,"tabIndex":2},"VIZPub_Parameter":{"id":"VIZPub_Parameter","title":"파라미터","url":"vizpub-parameter.html","level":0,"tabIndex":3},"VIZPub_additional_file":{"id":"VIZPub_additional_file","title":"추가 파일 형식","url":"vizpub-additional-file.html","level":0,"tabIndex":4}}},"topLevelIds":["VIZPub-Start","e395f623_530","VIZPub_Function","VIZPub_Parameter","VIZPub_additional_file"]}