{"entities":{"pages":{"SHDC":{"id":"SHDC","title":"SHDC","url":"shdc.html","level":0,"pages":["VIZCLASH-NET","VIZCore3D","VIZCore3D-NET","VIZZARD","VIZWeb3D","VIZWide3D-API-DOCUMENT","VIZWing","VIZPub-Start"],"tabIndex":0},"VIZCLASH-NET":{"id":"VIZCLASH-NET","title":"VIZCLASH.NET","url":"https://www.softhills.net/SHDC/VIZCLASH.NET/html/534f1fdc-dc13-4c3e-b87f-a9b8c23a790d.htm","level":1,"parentId":"SHDC","tabIndex":0},"VIZCore3D":{"id":"VIZCore3D","title":"VIZCore3D","url":"https://www.softhills.net/SHDC/VIZCore3D/html/56737cef-47ed-42f3-89bd-72f2640aa659.htm","level":1,"parentId":"SHDC","tabIndex":1},"VIZCore3D-NET":{"id":"VIZCore3D-NET","title":"VIZCore3D.NET","url":"https://www.softhills.net/SHDC/VIZCore3D.NET/html/72096ccb-07bf-4d48-a351-53f5b3d4ac10.htm","level":1,"parentId":"SHDC","tabIndex":2},"VIZZARD":{"id":"VIZZARD","title":"VIZZARD","url":"https://www.softhills.net/SHDC/VIZZARD/html/4cb929d0-3e7a-4736-92d4-37208eaf1b9a.htm","level":1,"parentId":"SHDC","tabIndex":3},"VIZWeb3D":{"id":"VIZWeb3D","title":"VIZWeb3D","url":"https://www.softhills.net/SHDC/VIZWeb3D/html/25245511-95e4-4f8a-ab1a-08db27d05a4d.htm","level":1,"parentId":"SHDC","tabIndex":4},"VIZWide3D-API-DOCUMENT":{"id":"VIZWide3D-API-DOCUMENT","title":"VIZWide3D","url":"vizwide3d-api-document.html","level":1,"parentId":"SHDC","pages":["b5d50c74_11569"],"tabIndex":5},"b5d50c74_11569":{"id":"b5d50c74_11569","title":"VIZWide3D API","level":2,"parentId":"VIZWide3D-API-DOCUMENT","pages":["Animation","ContextMenu","Disassembly","Frame","GeometryUtility","Model","ModelTree","Object3D","Panel","Player","Review","Section","ShapeDrawing","Toolbar","View","VIZWeb"],"tabIndex":0},"Animation":{"id":"Animation","title":"Animation","url":"animation.html","level":3,"parentId":"b5d50c74_11569","tabIndex":0},"ContextMenu":{"id":"ContextMenu","title":"ContextMenu","url":"contextmenu.html","level":3,"parentId":"b5d50c74_11569","tabIndex":1},"Disassembly":{"id":"Disassembly","title":"Disassembly","url":"disassembly.html","level":3,"parentId":"b5d50c74_11569","tabIndex":2},"Frame":{"id":"Frame","title":"Frame","url":"frame.html","level":3,"parentId":"b5d50c74_11569","tabIndex":3},"GeometryUtility":{"id":"GeometryUtility","title":"GeometryUtility","url":"geometryutility.html","level":3,"parentId":"b5d50c74_11569","tabIndex":4},"Model":{"id":"Model","title":"Model","url":"model.html","level":3,"parentId":"b5d50c74_11569","tabIndex":5},"ModelTree":{"id":"ModelTree","title":"ModelTree","url":"modeltree.html","level":3,"parentId":"b5d50c74_11569","tabIndex":6},"Object3D":{"id":"Object3D","title":"Object3D","url":"object3d.html","level":3,"parentId":"b5d50c74_11569","pages":["Color","CustomEdge","Find","GeometryProperty","Transform","UDA"],"tabIndex":7},"Color":{"id":"Color","title":"Color","url":"color.html","level":4,"parentId":"Object3D","tabIndex":0},"CustomEdge":{"id":"CustomEdge","title":"CustomEdge","url":"customedge.html","level":4,"parentId":"Object3D","tabIndex":1},"Find":{"id":"Find","title":"Find","url":"find.html","level":4,"parentId":"Object3D","tabIndex":2},"GeometryProperty":{"id":"GeometryProperty","title":"GeometryProperty","url":"geometryproperty.html","level":4,"parentId":"Object3D","tabIndex":3},"Transform":{"id":"Transform","title":"Transform","url":"transform.html","level":4,"parentId":"Object3D","tabIndex":4},"UDA":{"id":"UDA","title":"UDA","url":"uda.html","level":4,"parentId":"Object3D","tabIndex":5},"Panel":{"id":"Panel","title":"Panel","url":"panel.html","level":3,"parentId":"b5d50c74_11569","tabIndex":8},"Player":{"id":"Player","title":"Player","url":"player.html","level":3,"parentId":"b5d50c74_11569","tabIndex":9},"Review":{"id":"Review","title":"Review","url":"review.html","level":3,"parentId":"b5d50c74_11569","pages":["Measure","Note"],"tabIndex":10},"Measure":{"id":"Measure","title":"Measure","url":"measure.html","level":4,"parentId":"Review","tabIndex":0},"Note":{"id":"Note","title":"Note","url":"note.html","level":4,"parentId":"Review","tabIndex":1},"Section":{"id":"Section","title":"Section","url":"section.html","level":3,"parentId":"b5d50c74_11569","tabIndex":11},"ShapeDrawing":{"id":"ShapeDrawing","title":"ShapeDrawing","url":"shapedrawing.html","level":3,"parentId":"b5d50c74_11569","tabIndex":12},"Toolbar":{"id":"Toolbar","title":"Toolbar","url":"toolbar.html","level":3,"parentId":"b5d50c74_11569","tabIndex":13},"View":{"id":"View","title":"View","url":"view.html","level":3,"parentId":"b5d50c74_11569","pages":["Control","ViewCube","Walkthrough","Weather","Xray"],"tabIndex":14},"Control":{"id":"Control","title":"Control","url":"control.html","level":4,"parentId":"View","tabIndex":0},"ViewCube":{"id":"ViewCube","title":"ViewCube","url":"viewcube.html","level":4,"parentId":"View","tabIndex":1},"Walkthrough":{"id":"Walkthrough","title":"Walkthrough","url":"walkthrough.html","level":4,"parentId":"View","tabIndex":2},"Weather":{"id":"Weather","title":"Weather","url":"weather.html","level":4,"parentId":"View","tabIndex":3},"Xray":{"id":"Xray","title":"Xray","url":"xray.html","level":4,"parentId":"View","tabIndex":4},"VIZWeb":{"id":"VIZWeb","title":"VIZWeb","url":"vizweb.html","level":3,"parentId":"b5d50c74_11569","tabIndex":15},"VIZWing":{"id":"VIZWing","title":"VIZWing","url":"https://www.softhills.net/SHDC/VIZWing/html/a1a671c6-ced9-4d82-a700-f1ec0624ae4d.htm","level":1,"parentId":"SHDC","tabIndex":6},"VIZPub-Start":{"id":"VIZPub-Start","title":"VIZPub","url":"vizpub-start.html","level":1,"parentId":"SHDC","pages":["b5d50c74_11601","VIZPub_Function","VIZPub_Parameter","VIZPub_additional_file"],"tabIndex":7},"b5d50c74_11601":{"id":"b5d50c74_11601","title":"VIZPub 제품","level":2,"parentId":"VIZPub-Start","pages":["VIZPub_product_BOM","VIZPub_product_MCAD","VIZPub_product_MCADIop","VIZPub_product_Tran","VIZPub_product_BIM","VIZPub_product_Manager","VIZPub_product_NET"],"tabIndex":0},"VIZPub_product_BOM":{"id":"VIZPub_product_BOM","title":"VIZPub BOM","url":"vizpub-product-bom.html","level":3,"parentId":"b5d50c74_11601","tabIndex":0},"VIZPub_product_MCAD":{"id":"VIZPub_product_MCAD","title":"VIZPub Mechanical","url":"vizpub-product-mcad.html","level":3,"parentId":"b5d50c74_11601","tabIndex":1},"VIZPub_product_MCADIop":{"id":"VIZPub_product_MCADIop","title":"VIZPub Mechanical IOP","url":"vizpub-product-mcadiop.html","level":3,"parentId":"b5d50c74_11601","tabIndex":2},"VIZPub_product_Tran":{"id":"VIZPub_product_Tran","title":"VIZTran","url":"vizpub-product-tran.html","level":3,"parentId":"b5d50c74_11601","tabIndex":3},"VIZPub_product_BIM":{"id":"VIZPub_product_BIM","title":"VIZPub BIM","url":"vizpub-product-bim.html","level":3,"parentId":"b5d50c74_11601","tabIndex":4},"VIZPub_product_Manager":{"id":"VIZPub_product_Manager","title":"VIZPub Manager","url":"vizpub-product-manager.html","level":3,"parentId":"b5d50c74_11601","tabIndex":5},"VIZPub_product_NET":{"id":"VIZPub_product_NET","title":"VIZPub.NET","url":"vizpub-product-net.html","level":3,"parentId":"b5d50c74_11601","pages":["VIZPub_NET_Class","VIZPub_NET_Method","VIZPub_NET_Enum"],"tabIndex":6},"VIZPub_NET_Class":{"id":"VIZPub_NET_Class","title":"Classes and Delegates","url":"vizpub-net-class.html","level":4,"parentId":"VIZPub_product_NET","tabIndex":0},"VIZPub_NET_Method":{"id":"VIZPub_NET_Method","title":"Methods","url":"vizpub-net-method.html","level":4,"parentId":"VIZPub_product_NET","tabIndex":1},"VIZPub_NET_Enum":{"id":"VIZPub_NET_Enum","title":"Enumeration","url":"vizpub-net-enum.html","level":4,"parentId":"VIZPub_product_NET","tabIndex":2},"VIZPub_Function":{"id":"VIZPub_Function","title":"기능","url":"vizpub-function.html","level":2,"parentId":"VIZPub-Start","tabIndex":1},"VIZPub_Parameter":{"id":"VIZPub_Parameter","title":"파라미터","url":"vizpub-parameter.html","level":2,"parentId":"VIZPub-Start","tabIndex":2},"VIZPub_additional_file":{"id":"VIZPub_additional_file","title":"추가 파일 형식","url":"vizpub-additional-file.html","level":2,"parentId":"VIZPub-Start","tabIndex":3}}},"topLevelIds":["SHDC"]}