{"entities":{"pages":{"SHDC":{"id":"SHDC","title":"SHDC","url":"shdc.html","level":0,"pages":["aaac9588_436","aaac9588_445"],"tabIndex":0},"aaac9588_436":{"id":"aaac9588_436","title":"제품","level":1,"parentId":"SHDC","pages":["VIZCLASH-NET","VIZCore3D","VIZCore3D-NET","VIZZARD","VIZWide3D","VIZWed3D","VIZWing","VIZPub"],"tabIndex":0},"VIZCLASH-NET":{"id":"VIZCLASH-NET","title":"VIZCLASH.NET","url":"https://www.softhills.net/SHDC/VIZCLASH.NET/html/534f1fdc-dc13-4c3e-b87f-a9b8c23a790d.htm","level":2,"parentId":"aaac9588_436","tabIndex":0},"VIZCore3D":{"id":"VIZCore3D","title":"VIZCore3D","url":"https://www.softhills.net/SHDC/VIZCore3D/html/56737cef-47ed-42f3-89bd-72f2640aa659.htm","level":2,"parentId":"aaac9588_436","tabIndex":1},"VIZCore3D-NET":{"id":"VIZCore3D-NET","title":"VIZCore3D.NET","url":"https://www.softhills.net/SHDC/VIZCore3D.NET/html/72096ccb-07bf-4d48-a351-53f5b3d4ac10.htm","level":2,"parentId":"aaac9588_436","tabIndex":2},"VIZZARD":{"id":"VIZZARD","title":"VIZZARD","url":"https://www.softhills.net/SHDC/VIZZARD/html/4cb929d0-3e7a-4736-92d4-37208eaf1b9a.htm","level":2,"parentId":"aaac9588_436","tabIndex":3},"VIZWide3D":{"id":"VIZWide3D","title":"VIZWide3D","url":"https://www.softhills.net/SHDC/VIZWide3D/","level":2,"parentId":"aaac9588_436","tabIndex":4},"VIZWed3D":{"id":"VIZWed3D","title":"VIZWed3D","url":"https://www.softhills.net/SHDC/VIZWeb3D/html/25245511-95e4-4f8a-ab1a-08db27d05a4d.htm","level":2,"parentId":"aaac9588_436","tabIndex":5},"VIZWing":{"id":"VIZWing","title":"VIZWing","url":"https://www.softhills.net/SHDC/VIZWing/html/a1a671c6-ced9-4d82-a700-f1ec0624ae4d.htm","level":2,"parentId":"aaac9588_436","tabIndex":6},"VIZPub":{"id":"VIZPub","title":"VIZPub","url":"https://www.softhills.net/SHDC/VIZPub","level":2,"parentId":"aaac9588_436","tabIndex":7},"aaac9588_445":{"id":"aaac9588_445","title":"라이브러리","level":1,"parentId":"SHDC","pages":["ShdCore-NET","VIZPubLib","VIZXML"],"tabIndex":1},"ShdCore-NET":{"id":"ShdCore-NET","title":"ShdCore.NET","url":"https://www.softhills.net/SHDC/ShdCore.NET/html/1196f0f2-b371-4a4e-b5b1-1469bcb6d9d7.htm","level":2,"parentId":"aaac9588_445","tabIndex":0},"VIZPubLib":{"id":"VIZPubLib","title":"VIZPubLib","url":"https://www.softhills.net/SHDC/VIZPub/html/8e11e6ad-bdf6-4bca-a5bb-7d992addbd8e.htm","level":2,"parentId":"aaac9588_445","tabIndex":1},"VIZXML":{"id":"VIZXML","title":"VIZXML","url":"https://www.softhills.net/SHDC/VIZXML/html/722ee9dd-0349-45e8-8dda-96b1ff6deb58.htm","level":2,"parentId":"aaac9588_445","tabIndex":2}}},"topLevelIds":["SHDC"]}