{"title":"Softhills Documentation Center","subtitle":"(주)소프트힐스 제품의 소개 및 활용에 필요한 설명과 개발에 필요한 API, 방법, 예제를 제공하는 사이트 입니다.","tips":[{"title":"Homepage","description":"(주)소프트힐스 홈페이지","url":"https://softhills.net/","type":"library"},{"title":"GitHub","description":"깃허브","url":"https://github.com/softhills3d","type":"search"}],"main":{"title":"제품","data":[{"title":"VIZCLASH.NET","description":"대용량 3D 모델 고속 간섭검사 엔진","url":"https://www.softhills.net/SHDC/VIZCLASH.NET/html/534f1fdc-dc13-4c3e-b87f-a9b8c23a790d.htm"},{"title":"VIZCore3D","description":"대용량 3D 데이터 시각화 엔진 (ActiveX 컴포넌트)","url":"https://www.softhills.net/SHDC/VIZCore3D/html/56737cef-47ed-42f3-89bd-72f2640aa659.htm"},{"title":"VIZCore3D.NET","description":"대용량 3D 데이터 시각화 엔진 (Microsoft .NET 컨트롤)","url":"https://www.softhills.net/SHDC/VIZCore3D.NET/html/72096ccb-07bf-4d48-a351-53f5b3d4ac10.htm"},{"title":"VIZZARD","description":"대용량 3D 모델 시각화 및 리뷰","url":"https://www.softhills.net/SHDC/VIZZARD/html/4cb929d0-3e7a-4736-92d4-37208eaf1b9a.htm"},{"title":"VIZWide3D","description":"초대형 3D 모델을 Chorme, Edge 등의 웹브라우저에서 가시화 모듈","url":"https://www.softhills.net/SHDC/VIZWide3D/"},{"title":"VIZWeb3D","description":"Chorme, Edge 등의 웹브라우저에서 3D 모델 시각화","url":"https://www.softhills.net/SHDC/VIZWeb3D/html/25245511-95e4-4f8a-ab1a-08db27d05a4d.htm"},{"title":"VIZWing","description":"Android, iOS 모바일 3D 모델 시각화 컴포넌트 및 앱","url":"https://www.softhills.net/SHDC/VIZWing/html/a1a671c6-ced9-4d82-a700-f1ec0624ae4d.htm"},{"title":"VIZPub","description":"3D CAD 데이터를 경량 3D 데이터 형식(*.viz)으로 변환 및 메타데이터 추출, 병합 등","url":"https://www.softhills.net/SHDC/VIZPub"}]},"highlighted":{"title":"라이브러리","data":[{"title":"ShdCore.NET","description":"경량 3D 파일(*.viz)의 스트럭처, 속성, 미리보기 형상 등 조회용 라이브러리","url":"https://www.softhills.net/SHDC/ShdCore.NET/html/1196f0f2-b371-4a4e-b5b1-1469bcb6d9d7.htm"},{"title":"VIZPubLib","description":"VIZPub 변환기 라이브러리","url":"https://www.softhills.net/SHDC/VIZPub/html/8e11e6ad-bdf6-4bca-a5bb-7d992addbd8e.htm"},{"title":"VIZXML","description":"XML 기반 VIZ 파일 구성 관리 클래스","url":"https://www.softhills.net/SHDC/VIZXML/html/722ee9dd-0349-45e8-8dda-96b1ff6deb58.htm"}]},"prevNextLinks":{}}